编号,品牌,商品名,类别,规格(g),能量(kJ/100g),能量(kcal/100g),蛋白质(g/100g),脂肪(g/100g),碳水化合物(g/100g),糖(g/100g),钠(mg/100g),备注
1,康师傅,红烧牛肉面,方便面,102,1976,472,9.5,21.1,61.6,2.4,1842,油炸面饼
2,康师傅,老坛酸菜牛肉面,方便面,122,1880,449,9.3,19.5,62.0,2.0,2100,油炸面饼
3,康师傅,番茄鸡蛋牛肉面,方便面,108,1920,459,9.0,20.0,63.0,3.0,1900,
4,康师傅,排骨面,方便面,100,1960,468,9.0,20.5,62.0,2.0,2000,
5,康师傅,鲜虾鱼板面,方便面,92,1900,454,9.2,20.0,61.0,2.0,1800,
6,康师傅,香辣排骨面,方便面,105,1950,466,9.0,20.5,62.0,2.0,2050,
7,康师傅,香菇炖鸡面,方便面,102,1920,459,9.0,20.0,62.0,2.0,1950,
8,康师傅,泡椒牛肉面,方便面,102,1950,466,9.2,20.5,62.0,2.0,2100,
9,康师傅,经典香辣牛肉桶面,方便面,115,1940,464,9.0,21.0,61.0,2.0,2000,桶装
10,康师傅,劲辣拌面,方便面,99,2050,490,9.5,23.0,61.0,2.5,2200,拌面
11,统一,老坛酸菜面,方便面,117,1850,442,9.0,18.5,63.0,2.0,2533,
12,统一,红烧牛肉面,方便面,118,1900,454,9.2,19.5,63.0,2.0,2100,
13,统一,满汉大餐红烧牛肉,方便面,191,1850,442,10.0,18.0,62.0,2.0,2300,大碗面
14,统一,汤达人日式豚骨,方便面,110,1800,430,9.5,18.0,62.0,2.0,1800,
15,统一,开小灶酸汤牛肉,方便面,140,1750,418,10.0,16.0,63.0,2.0,1700,
16,今麦郎,老坛酸菜面,方便面,108,1900,454,9.0,20.0,62.0,2.0,2200,
17,今麦郎,番茄鸡蛋面,方便面,108,1880,449,9.0,19.0,63.0,3.0,1900,
18,今麦郎,豚骨拉面,方便面,125,1850,442,9.0,19.0,63.0,2.0,2100,
19,今麦郎,辣么香面,方便面,108,1900,454,9.0,20.0,62.0,2.0,2300,
20,白象,大骨面红烧牛肉,方便面,107,1850,442,9.5,17.0,64.0,2.0,1800,
21,白象,大骨面香辣排骨,方便面,107,1870,447,9.0,18.0,64.0,2.0,1900,
22,日清,合味道海鲜,方便面,75,1960,468,8.5,21.0,62.0,2.0,1700,杯装
23,日清,合味道咖喱,方便面,75,2000,478,8.8,22.0,61.0,2.0,1600,杯装
24,日清,出前一丁猪骨汤,方便面,100,1900,454,10.0,20.0,61.0,2.0,2000,
25,五谷道场,非油炸牛肉面,方便面,120,1540,368,10.0,8.5,69.0,2.0,1800,非油炸
26,农心,辛拉面,方便面,120,1940,464,9.5,20.5,62.0,2.0,2100,韩式
27,三养,火鸡面原味,方便面,140,2020,483,10.0,22.0,63.0,3.0,2900,韩式极辣
28,三养,火鸡面奶油味,方便面,140,2000,478,10.0,21.0,63.0,3.0,2600,韩式
29,拉面说,猪肚鸡汤面,方便面,210,1600,382,10.5,14.0,57.0,2.0,1200,非油炸速食
30,自嗨锅,自热火锅米线,方便粉,375,1350,323,8.0,5.0,66.0,2.0,2200,自热型
31,白家陈记,阿宽红油面皮,方便粉,115,1600,382,6.0,10.0,68.0,2.0,2500,
32,白家陈记,阿宽广元酸辣粉,方便粉,120,1550,370,6.0,9.0,70.0,2.0,2400,
33,嗨吃家,酸辣粉,方便粉,128,1500,358,5.0,8.0,72.0,2.0,2500,
34,好欢螺,螺蛳粉,方便粉,270,1380,330,7.0,5.0,67.0,2.0,2800,
35,李子柒,螺蛳粉,方便粉,300,1360,325,7.0,4.5,68.0,2.0,2600,
36,柳江人家,螺蛳粉,方便粉,340,1370,327,6.5,4.5,69.0,2.0,2700,
37,莫小仙,自热米线,方便粉,280,1380,330,7.0,5.0,67.0,2.0,2300,自热型
38,卫龙,大面筋,辣条,25,1660,397,10.0,15.0,58.0,8.0,1200,素食
39,卫龙,小面筋,辣条,25,1700,406,11.0,16.0,57.0,8.0,1300,素食
40,卫龙,魔芋爽香辣味,辣条,20,514,123,1.0,9.6,5.5,1.0,1254,低卡魔芋
41,卫龙,魔芋爽素毛肚,辣条,22,500,120,1.0,9.0,5.5,1.0,1200,低卡魔芋
42,卫龙,亲嘴烧,辣条,22,1720,411,10.5,17.0,57.0,8.0,1350,
43,卫龙,辣条大礼包,辣条,100,1690,404,10.0,16.0,57.0,8.0,1280,混合装
44,三只松鼠,辣条,辣条,30,1710,409,10.0,16.5,57.0,8.0,1300,
45,良品铺子,素肉香辣豆腐干,辣条,30,1640,392,12.0,15.0,55.0,7.0,1150,
46,麻辣王子,辣条,辣条,32,1700,406,10.0,16.0,57.0,8.0,1280,
47,劲仔,辣条,辣条,20,1680,401,10.0,15.5,57.0,8.0,1200,
48,乐事,原味薯片,薯片,75,2218,530,5.5,33.0,55.0,1.5,600,经典款
49,乐事,黄瓜味薯片,薯片,75,2176,520,5.5,32.0,55.5,2.0,650,
50,乐事,青柠味薯片,薯片,70,2197,525,5.5,32.5,55.0,2.0,620,
51,乐事,原切薯片,薯片,60,2113,505,5.0,30.0,57.0,1.0,500,厚切
52,乐事,红烩味薯片,薯片,75,2176,520,5.5,32.0,55.0,2.0,680,
53,乐事,烧烤味薯片,薯片,75,2197,525,5.5,32.5,55.0,2.5,700,
54,品客,原味,薯片,110,2142,512,5.0,30.0,58.0,2.0,430,桶装
55,品客,番茄味,薯片,110,2113,505,5.0,29.0,58.0,2.5,450,桶装
56,品客,奶酪味,薯片,110,2155,515,5.5,30.0,58.0,2.0,470,桶装
57,品客,海苔味,薯片,110,2130,509,5.0,29.5,58.0,2.0,440,桶装
58,上好佳,田园薯片,薯片,40,2050,490,5.0,25.0,63.0,2.0,550,
59,上好佳,虾条,膨化食品,35,2100,502,5.0,27.0,62.0,2.0,600,
60,旺旺,雪饼,膨化食品,70,1830,437,4.0,13.0,75.0,3.0,500,
61,旺旺,仙贝,膨化食品,56,1850,442,5.0,13.5,74.0,3.0,480,
62,旺旺,大米饼,膨化食品,100,1820,435,4.0,13.0,74.0,3.0,490,
63,旺旺,小小酥,膨化食品,40,2000,478,5.0,24.0,63.0,5.0,500,
64,旺旺,浪味仙,膨化食品,35,2050,490,5.5,25.0,62.0,4.0,520,
65,旺旺,哈哈脆,膨化食品,40,1980,473,4.5,23.0,64.0,4.0,540,
66,旺旺,碎冰冰,冷饮/零食,50,360,86,1.0,0,20.0,18.0,20,固体冰品
67,劲仔,辣鱼仔,海鲜零食,22,1200,287,32.0,12.0,14.0,3.0,2000,小鱼干
68,劲仔,厚豆干,豆制品,20,800,191,15.0,8.0,12.0,2.0,900,
69,麻辣王子,土豆干,薯片,28,1750,418,2.0,14.0,70.0,5.0,1100,
70,薯愿,原味薯条,膨化食品,50,2050,490,4.5,24.0,64.0,1.0,450,
71,奥利奥,经典原味饼干,饼干,388,2050,490,5.5,21.0,70.0,37.0,370,夹心饼干
72,奥利奥,双层夹心饼干,饼干,150,2100,502,5.0,22.0,70.0,40.0,360,
73,奥利奥,薄脆饼干,饼干,100,2050,490,5.0,21.0,70.0,38.0,380,
74,奥利奥,红丝绒味,饼干,97,2080,497,5.0,21.5,71.0,39.0,360,
75,奥利奥,抹茶味,饼干,97,2070,495,5.0,21.0,71.0,38.0,355,
76,格力高,百力滋棒状饼干,饼干,35,1900,454,9.0,16.0,68.0,10.0,550,
77,格力高,必思脆威化饼干,饼干,40,2300,550,7.0,30.0,62.0,20.0,300,
78,好丽友,圆形饼干,饼干,400,2050,490,5.5,22.0,68.0,30.0,400,
79,好丽友,蒙奇奇蜂蜜黄油饼干,饼干,40,2180,521,7.0,27.0,63.0,15.0,420,
80,亿滋,趣多多曲奇,曲奇,135,2100,502,5.0,24.0,67.0,30.0,400,巧克力曲奇
81,亿滋,太平梳打饼干,饼干,200,1760,421,8.0,14.0,70.0,2.0,700,咸味苏打
82,康师傅,麦香鸡块饼干,饼干,51,1900,454,7.0,17.0,68.0,8.0,550,
83,嘉士利,果乐果香,饼干,280,2050,490,6.0,22.0,68.0,20.0,300,
84,嘉士利,早餐饼,饼干,108,1900,454,8.0,16.0,70.0,10.0,400,
85,元气森林,薄荷味米饼,饼干,60,1720,411,3.0,8.0,78.0,5.0,350,无糖
86,北京牛栏山,椒盐苏打饼干,饼干,200,1800,430,8.0,13.0,73.0,2.0,750,
87,达利园,法式软面包,蛋糕糕点,65,1340,320,7.0,10.0,53.0,15.0,350,
88,达利园,蛋黄派,蛋糕糕点,35,1800,430,5.0,18.0,62.0,30.0,300,
89,达利园,好吃点小核桃酥,饼干,280,2200,526,8.0,28.0,62.0,20.0,300,
90,达利园,可立克,饼干,80,2050,490,6.0,22.0,68.0,20.0,380,
91,好丽友,派(巧克力),蛋糕糕点,23,1890,452,3.5,23.0,59.0,27.0,270,每块
92,好丽友,蛋黄派,蛋糕糕点,23,1850,442,3.5,21.0,61.0,28.0,260,每块
93,好丽友,土豆饼干,饼干,80,2050,490,5.5,23.0,65.0,8.0,580,
94,麦提莎,麦丽素,糖果,45,2000,478,6.0,20.0,68.0,55.0,100,麦芽巧克力
95,徐福记,软糖综合装,糖果,500,1450,347,2.5,3.0,78.0,70.0,50,混合口味
96,徐福记,酥心糖,糖果,400,2000,478,5.0,20.0,71.0,60.0,80,
97,徐福记,奶糖,糖果,200,1750,418,3.5,10.0,74.0,65.0,90,
98,大白兔,奶糖,糖果,200,1670,399,4.0,8.0,76.0,70.0,100,经典上海奶糖
99,大白兔,创意款奶糖,糖果,120,1680,401,4.0,8.0,76.0,70.0,100,
100,阿尔卑斯,棒棒糖,糖果,100,1700,406,0,0,95.0,90.0,30,硬糖
101,旺仔,小馒头,膨化食品,20,1720,411,7.0,8.0,72.0,20.0,280,婴幼儿零食
102,旺仔,QQ糖,糖果,20,1380,330,4.5,0,77.0,70.0,40,果汁软糖
103,旺仔,牛奶糖,糖果,20,1700,406,4.0,9.0,72.0,65.0,90,
104,雅客,V9维生素糖果,糖果,56,1680,401,0.5,1.5,90.0,75.0,30,功能糖果
105,雅客,鲜橙VC软糖,糖果,80,1380,330,3.0,0,78.0,72.0,35,
106,阿华田,可可棒,糖果/巧克力,30,1900,454,7.0,18.0,64.0,45.0,120,
107,德芙,丝滑牛奶巧克力,巧克力,43,2250,538,7.5,32.0,56.0,52.0,65,
108,德芙,榛仁葡萄干巧克力,巧克力,43,2200,526,8.5,31.0,55.0,46.0,60,
109,德芙,摩卡杏仁巧克力,巧克力,43,2230,533,8.0,31.5,56.0,50.0,60,
110,士力架,花生夹心巧克力,巧克力,51,2050,490,8.0,24.0,62.0,48.0,170,
111,MM豆,花生夹心,巧克力,45,2050,490,8.5,24.0,61.0,52.0,90,
112,MM豆,牛奶巧克力,巧克力,45,2100,502,4.5,23.0,68.0,60.0,80,
113,费列罗,榛仁巧克力,巧克力,12.5,2400,574,8.0,38.0,49.0,40.0,50,高档巧克力
114,金帝,榛子巧克力,巧克力,120,2180,521,7.0,30.0,57.0,48.0,70,
115,好时,杏仁巧克力,巧克力,36,2250,538,8.0,33.0,53.0,45.0,65,
116,好时,经典牛奶巧克力,巧克力,43,2230,533,7.5,32.0,56.0,52.0,60,
117,吉百利,奶油脆心巧克力,巧克力,37,2200,526,5.0,28.0,62.0,55.0,70,
118,乐天,杏仁巧克力饼干棒,饼干/巧克力,54,2200,526,7.0,30.0,60.0,32.0,200,
119,明治,草莓百奇,饼干/巧克力,50,2000,478,6.0,20.0,68.0,30.0,220,
120,明治,巧克力百奇,饼干/巧克力,50,2050,490,6.5,21.0,68.0,35.0,210,
121,零食很忙,黑巧克力,巧克力,100,2380,569,7.5,42.0,46.0,35.0,30,85%可可
122,周黑鸭,卤鸭脖,卤味,100,900,215,15.0,13.5,10.5,6.0,980,去骨可食部
123,周黑鸭,卤鸭翅,卤味,100,850,203,14.0,12.0,11.0,6.0,900,
124,周黑鸭,卤鸭爪,卤味,100,700,167,13.0,8.0,12.0,5.0,850,
125,周黑鸭,卤鸡腿,卤味,100,800,191,16.0,10.0,10.0,5.5,920,
126,周黑鸭,卤藕片,卤味,100,300,72,2.0,1.5,14.0,4.0,700,素食卤味
127,绝味,鸭脖,卤味,100,880,210,15.0,13.0,10.0,5.5,1050,
128,绝味,鸭翅,卤味,100,820,196,14.0,11.5,10.5,5.5,980,
129,绝味,鸭锁骨,卤味,100,750,179,14.0,10.0,10.0,5.0,900,
130,煌上煌,酱鸭,卤味,100,870,208,14.5,12.5,11.0,6.0,1100,
131,煌上煌,鸭舌,卤味,100,820,196,18.0,10.0,8.0,4.0,1200,高蛋白
132,盐津铺子,鱼豆腐,素食/卤味,20,800,191,10.0,8.0,18.0,5.0,1200,
133,盐津铺子,鸭脖,卤味,100,900,215,15.0,13.0,10.0,5.5,1050,
134,盐津铺子,麻辣豆腐干,豆制品,20,820,196,12.0,10.0,15.0,3.0,1100,
135,盐津铺子,酸辣鸭肫,卤味,100,750,179,18.0,8.0,10.0,4.0,1300,
136,良品铺子,卤鸭脖,卤味,100,880,210,15.0,13.0,10.0,5.5,1000,
137,良品铺子,麻辣牛肉干,肉干零食,30,1500,358,40.0,15.0,20.0,8.0,2000,高蛋白
138,良品铺子,猪肉脯,肉干零食,22,1500,358,38.0,14.0,22.0,16.0,1500,
139,良品铺子,鱼豆腐,素食,20,810,194,10.0,8.5,18.0,5.0,1150,
140,良品铺子,碧根果,坚果,36,2600,621,9.0,64.0,14.0,4.0,1,
141,旺旺,饭团,膨化食品,200,1900,454,6.0,19.0,68.0,3.0,560,咸味米果
142,三只松鼠,夏威夷果,坚果,100,2840,679,9.5,77.0,8.0,4.5,8,坚果
143,三只松鼠,腰果,坚果,100,2530,605,18.0,49.0,30.0,5.0,20,
144,三只松鼠,开心果,坚果,100,2520,602,20.0,45.0,28.0,7.0,270,含盐
145,三只松鼠,碧根果,坚果,100,2600,621,9.0,64.0,14.0,4.0,1,原味
146,三只松鼠,每日坚果,坚果,25,2350,562,10.0,45.0,35.0,12.0,30,混合装
147,三只松鼠,炒花生,坚果,100,2300,550,25.0,45.0,22.0,3.0,400,咸味
148,三只松鼠,芝麻花生,坚果,100,2350,562,23.0,45.0,24.0,5.0,350,
149,三只松鼠,巴旦木,坚果,100,2500,598,22.0,53.0,16.0,4.0,5,原味
150,三只松鼠,奶油味瓜子,坚果/种子,100,2400,574,20.0,50.0,20.0,3.0,400,葵花籽
151,洽洽,香瓜子,坚果/种子,100,2450,586,21.0,52.0,18.0,2.0,450,葵花籽
152,洽洽,小而香西瓜子,坚果/种子,100,2380,569,21.0,49.0,20.0,3.0,420,
153,洽洽,每日坚果,坚果,25,2400,574,11.0,48.0,32.0,12.0,30,混合装
154,洽洽,奶油味花生,坚果,100,2320,555,25.0,45.0,22.0,3.0,450,
155,盐津铺子,南瓜子,坚果/种子,100,2450,586,31.0,50.0,10.0,2.0,60,原味
156,百草味,混合坚果,坚果,25,2370,566,10.0,47.0,33.0,12.0,40,
157,百草味,牛肉干,肉干零食,25,1500,358,40.0,15.0,20.0,8.0,1800,
158,百草味,猪肉脯,肉干零食,22,1480,354,35.0,14.0,24.0,18.0,1500,
159,百草味,蟹黄味瓜子,坚果/种子,100,2380,569,21.0,50.0,18.0,2.0,500,调味
160,百草味,蔓越莓干,蜜饯,100,1450,347,1.0,1.0,83.0,72.0,30,
161,靖江,猪肉脯,肉干零食,22,1500,358,35.0,14.0,24.0,18.0,1500,
162,靖江,牛肉干麻辣,肉干零食,30,1480,354,40.0,14.0,20.0,8.0,1800,
163,辣条大王,鸡肉脯,肉干零食,25,1400,335,35.0,10.0,26.0,15.0,1200,
164,江中,草本健胃饼干,饼干,100,1800,430,8.0,13.0,72.0,5.0,500,功能饼干
165,达利,虎皮蛋糕,蛋糕糕点,45,1350,323,5.5,10.0,53.0,20.0,280,
166,达利,面包,蛋糕糕点,68,1200,287,8.0,7.0,52.0,12.0,400,
167,桃李,软欧包,蛋糕糕点,100,1300,311,8.0,9.0,54.0,10.0,380,
168,桃李,切片面包,蛋糕糕点,500,1050,251,9.0,4.0,47.0,6.0,400,全麦款
169,盼盼,法式小面包,蛋糕糕点,65,1320,315,7.0,9.5,54.0,14.0,360,
170,盼盼,麦香鸡味面包,蛋糕糕点,65,1300,311,7.5,9.0,54.0,13.0,380,
171,嘉顿,沙示饼干,饼干,135,1980,473,7.0,22.0,65.0,8.0,600,
172,康元,葱香苏打饼干,饼干,200,1820,435,8.0,14.0,72.0,2.0,800,
173,麦当劳,麦辣鸡腿堡薯条,快餐,135,1960,468,4.5,24.0,59.0,0.5,590,薯条部分
174,尤里斯,蔓越莓曲奇,曲奇,200,2200,526,5.0,28.0,63.0,30.0,300,
175,皇冠,丹麦曲奇,曲奇,681,2200,526,5.5,29.0,63.0,28.0,380,蓝罐
176,皇冠,巧克力曲奇,曲奇,100,2180,521,5.0,28.5,63.0,30.0,350,
177,布列塔尼,黄油曲奇,曲奇,125,2230,533,6.0,30.0,61.0,26.0,350,法式黄油
178,奇华,合桃酥,曲奇,400,2100,502,8.0,25.0,62.0,20.0,300,核桃酥
179,珍妮曲奇,手工曲奇,曲奇,200,2250,538,6.0,31.0,60.0,28.0,280,香港网红
180,乐事,无限薯片桶装,薯片,110,2180,521,5.5,32.0,55.5,2.0,600,
181,Lay's,蜂蜜黄油味,薯片,70,2200,526,5.5,33.0,55.0,3.0,550,韩式口味
182,好丽友,奥邦派,蛋糕糕点,25,1900,454,4.0,23.0,58.0,25.0,300,
183,好丽友,福中福蛋糕卷,蛋糕糕点,18,1750,418,4.5,18.0,62.0,28.0,280,
184,华美,蛋黄月饼,糕点,50,1750,418,7.0,19.0,60.0,30.0,230,广式月饼
185,美心,双黄白莲蓉月饼,糕点,180,1800,430,8.0,20.0,60.0,28.0,350,广式
186,五仁月饼,传统五仁,糕点,100,1750,418,8.0,18.0,62.0,25.0,300,苏式
187,稻香村,驴打滚,糕点,100,900,215,3.0,2.0,47.0,20.0,100,传统北京糕点
188,稻香村,萨其马,糕点,100,1800,430,8.0,18.0,68.0,30.0,250,
189,稻香村,绿豆糕,糕点,65,1450,347,5.0,8.0,68.0,30.0,100,
190,稻香村,枣泥卷,糕点,100,900,215,3.5,2.0,46.0,20.0,90,
191,桂顺斋,黑芝麻糊,糕点,500,1600,382,9.0,12.0,68.0,25.0,200,粉末状冲泡
192,思念,汤圆芝麻,速冻糕点,360,1300,311,3.5,7.0,55.0,20.0,200,速冻
193,三全,汤圆花生,速冻糕点,270,1350,323,4.0,7.5,56.0,18.0,150,速冻
194,元朗,鸡仔饼,饼干/糕点,100,1900,454,8.5,18.0,64.0,20.0,700,广东传统
195,嘉华,鲜花饼,糕点,60,1700,406,5.0,15.0,65.0,28.0,200,云南特产玫瑰饼
196,云南小粒咖啡,咖啡饼干,饼干,100,1900,454,6.0,18.0,70.0,25.0,300,
197,可比克,原味薯片,薯片,60,2150,514,5.0,30.0,59.0,1.5,550,
198,可比克,番茄味薯片,薯片,60,2130,509,5.0,29.0,59.0,2.5,580,
199,可比克,烧烤味薯片,薯片,60,2150,514,5.0,30.0,59.0,2.5,600,
200,三只松鼠,薯片,薯片,108,2180,521,5.5,32.0,55.5,2.0,600,
201,薯片先生,原味薯片,薯片,40,2200,526,5.0,33.0,55.0,1.0,450,网红品牌
202,脆升升,薯条,薯片/膨化,30,2050,490,5.0,26.0,61.0,2.0,500,
203,哈哈球,鸡汁味,膨化食品,40,2100,502,4.5,27.0,63.0,3.0,680,
204,劲仔,大刀鱼,海鲜零食,22,1250,299,35.0,13.0,10.0,3.0,2100,小鱼干
205,想念,黑鱼片,海鲜零食,25,1300,311,50.0,8.0,5.0,2.0,1800,
206,甘源,蟹黄味蚕豆,豆类零食,100,1750,418,21.0,12.0,58.0,2.0,800,
207,甘源,青豌豆,豆类零食,100,1700,406,20.0,10.0,61.0,3.0,700,
208,甘源,混合豆果,豆类零食,25,1720,411,18.0,11.0,60.0,5.0,600,
209,甘源,花生豌豆,豆类零食,100,1850,442,20.0,18.0,55.0,4.0,650,
210,甘源,坚果豆果,豆类零食,100,2100,502,14.0,28.0,50.0,6.0,500,
211,洽洽,好巴食蚕豆,豆类零食,100,1750,418,22.0,12.0,57.0,2.0,750,
212,洽洽,蒜香豌豆,豆类零食,100,1700,406,20.0,10.0,62.0,3.0,720,
213,张飞,牛肉粒,肉干零食,20,1150,275,35.0,9.0,22.0,12.0,1300,
214,张飞,麻辣牛肉,肉干零食,30,1200,287,38.0,10.0,18.0,8.0,1500,
215,来伊份,猪肉脯,肉干零食,22,1500,358,33.0,14.0,26.0,18.0,1400,
216,来伊份,牛肉棒,肉干零食,25,1300,311,30.0,10.0,28.0,10.0,1600,
217,来伊份,酱鸭翅,卤味,100,830,198,14.5,12.0,10.0,6.0,950,
218,来伊份,芝麻牛轧糖,糖果,100,1800,430,8.0,15.0,68.0,55.0,120,
219,徐福记,芒果软糖,糖果,500,1450,347,2.5,2.5,79.0,68.0,40,
220,阿尔卑斯,牛奶棒棒糖,糖果,100,1700,406,1.5,2.5,87.0,78.0,70,
221,哈里宝,小熊软糖,糖果,100,1400,335,7.5,0,75.0,50.0,30,德国品牌
222,雅克,V9果汁软糖,糖果,80,1380,330,3.0,0,77.0,68.0,30,
223,晨光,益达无糖口香糖,糖果,28,800,191,0,0,68.0,0,5,含木糖醇
224,益达,清新薄荷口香糖,糖果,28,800,191,0,0,69.0,0,5,
225,绿箭,薄荷味口香糖,糖果,29,820,196,0,0,70.0,0,5,
226,旺旺,米饼,膨化食品,100,1900,454,5.0,16.0,74.0,3.0,550,
227,旺旺,大米方块酥,膨化食品,65,2000,478,5.0,22.0,68.0,4.0,500,
228,旺旺,粟一粟,膨化食品,32,1900,454,5.0,18.0,73.0,6.0,400,
229,卫龙,素肉卷,辣条,30,1750,418,11.0,17.0,57.0,8.0,1350,
230,卫龙,豆腐干麻辣,豆制品,30,820,196,12.0,10.0,16.0,3.0,1100,
231,脆脆鲨,威化饼干,饼干,20,2200,526,5.5,29.0,63.0,20.0,300,
232,雀巢,经典威化,威化饼干,45,2300,550,7.0,32.0,58.0,22.0,200,
233,丽芙,威化饼干,威化饼干,40,2250,538,6.0,30.0,61.0,22.0,250,
234,万宝路,威化饼干,威化饼干,100,2250,538,6.5,30.0,61.0,22.0,230,
235,维维,豆奶粉,固体饮料,350,1650,394,18.0,8.0,65.0,25.0,250,冲调型
236,固元膏,红枣核桃,糕点/保健,100,1800,430,5.0,15.0,72.0,50.0,50,中式滋补
237,老干妈,牛肉末豆豉,调味/零食,280,1300,311,11.0,22.0,14.0,3.0,1200,
238,老干妈,原味豆豉,调味/零食,280,1400,335,9.0,25.0,12.0,2.0,1400,
239,劲仔,辣子鱼,海鲜零食,20,1350,323,40.0,16.0,8.0,3.0,2200,
240,海欣,芥末味小鱼干,海鲜零食,50,1300,311,38.0,14.0,12.0,4.0,2000,
241,小田园,烤鱼片,海鲜零食,30,1400,335,55.0,8.5,10.0,2.0,1800,高蛋白
242,海天游,鱿鱼丝,海鲜零食,30,1200,287,46.0,6.0,14.0,5.0,1600,
243,海天游,鱼豆腐,海鲜零食,100,810,194,10.0,8.0,18.0,5.0,1150,
244,美加净,皮皮虾条,膨化食品,30,2050,490,5.0,26.0,62.0,2.0,650,
245,克丽安,鱿鱼味面饼,膨化食品,25,2100,502,5.0,28.0,62.0,2.0,600,
246,百事,奇多奶酪球,膨化食品,80,2100,502,5.5,28.0,60.0,3.0,650,芝士味
247,百事,奇多粟米棒,膨化食品,56,2050,490,5.0,26.0,63.0,4.0,600,
248,阿华田,固体饮料,固体饮料,400,1650,394,8.0,8.5,70.0,55.0,250,可可麦芽
249,好喝,热巧克力粉,固体饮料,160,1700,406,7.0,10.0,68.0,50.0,200,
250,立顿,柠檬味茶包,茶类,每包2g,0,0,0,0,0,0,0,冲泡型
251,天喔,果茶,果汁饮料/零食,250,580,139,1.0,1.0,31.0,28.0,50,固体果茶
252,来伊份,蔓越莓干,蜜饯,100,1400,335,1.0,1.0,81.0,72.0,30,
253,来伊份,葡萄干,蜜饯,100,1380,330,2.5,0.5,79.0,72.0,20,
254,来伊份,芒果干,蜜饯,100,1400,335,1.5,1.0,79.0,70.0,40,
255,来伊份,蓝莓干,蜜饯,100,1380,330,1.5,1.0,80.0,72.0,15,
256,百草味,奶枣,蜜饯,100,1700,406,4.0,8.0,78.0,70.0,80,枣+奶油
257,百草味,杏脯,蜜饯,100,1400,335,1.5,0.5,81.0,72.0,50,
258,百草味,话梅,蜜饯,100,1100,263,2.5,0.5,62.0,40.0,3500,高钠
259,三只松鼠,话梅,蜜饯,100,1100,263,2.0,0.5,63.0,40.0,3200,
260,黄飞红,麻辣花生,坚果,100,2280,545,24.5,44.0,23.0,4.0,600,
261,黄飞红,椒辣花生,坚果,100,2300,550,24.0,45.0,22.0,3.0,620,
262,甘源,锅巴原味,锅巴,100,1900,454,6.0,18.0,70.0,3.0,700,
263,甘源,锅巴辣味,锅巴,100,1900,454,6.0,18.0,70.0,3.0,750,
264,好丽友,锅巴,锅巴,84,1920,459,6.0,18.5,70.0,3.0,680,
265,旺旺,锅巴,锅巴,84,1900,454,5.5,18.0,71.0,3.0,650,
266,上好佳,鳕鱼锅巴,锅巴,40,1950,466,8.0,19.0,68.0,3.0,700,
267,益力多,乳酸菌饮料,乳饮料,100,270,65,1.5,0,14.5,14.0,50,益生菌
268,光明,味动力乳酸菌,乳饮料,100,260,62,1.0,0,14.0,13.5,55,
269,蒙牛,冰淇淋脆筒,冷饮,80,1100,263,3.0,12.0,36.0,25.0,120,
270,伊利,巧乐兹,冷饮,70,900,215,2.5,10.0,30.0,22.0,80,巧克力冰淇淋
271,伊利,苦咖啡,冷饮,73,700,167,2.5,6.0,26.0,20.0,100,咖啡冰淇淋
272,可爱多,草莓味冰淇淋,冷饮,60,700,167,2.0,6.0,27.0,20.0,80,
273,雀巢,脆脆鲨巧克力冰淇淋,冷饮,46,900,215,3.0,11.0,29.0,22.0,100,
274,宏宝莱,冰淇淋雪糕,冷饮,100,800,191,2.5,9.0,27.0,22.0,100,
275,中街1946,酸奶雪糕,冷饮,80,750,179,3.0,8.0,24.0,20.0,120,网红雪糕
276,茅台冰淇淋,酱香冰淇淋,冷饮,78,800,191,2.5,9.0,27.0,20.0,90,茅台联名
277,钟薛高,海盐椰椰,冷饮,78,850,203,2.8,10.0,28.0,22.0,180,雪糕
278,旺旺,棒棒冰,冷饮,60,250,60,0,0,14.0,13.0,20,糖水冰棍
279,冰淇淋,绿色心情,冷饮,73,400,96,1.0,2.5,18.0,15.0,80,绿豆沙
280,马大姐,花生糖,糖果,100,1900,454,10.0,20.0,65.0,50.0,100,
281,马大姐,芝麻糖,糖果,100,1950,466,11.0,22.0,61.0,45.0,80,
282,马大姐,花生酥,糖果,100,1850,442,9.0,18.0,66.0,50.0,90,
283,巧克力派,好丽友,蛋糕糕点,35,1900,454,4.0,22.0,60.0,27.0,280,
284,北京稻香村,豆沙酥,糕点,80,1650,394,5.0,15.0,62.0,28.0,150,
285,安德鲁,蛋挞,糕点,75,1300,311,5.5,13.0,40.0,15.0,250,葡式蛋挞
286,太阳谷,麦片棒,谷物零食,35,1700,406,6.0,10.0,72.0,30.0,150,
287,桂格,高纤燕麦片,谷物零食,40,1550,370,12.0,8.0,67.0,2.0,20,低糖高纤
288,桂格,香甜麦片,谷物零食,40,1620,387,9.0,6.5,72.0,20.0,100,
289,卡乐比,富果乐麦片,谷物零食,40,1600,382,6.5,6.0,74.0,22.0,200,
290,亨氏,婴儿米粉,婴儿辅食,225,1560,373,12.0,3.5,73.0,8.0,80,婴儿食品
291,西麦,燕麦片,谷物零食,500,1550,370,11.0,7.0,68.0,3.0,20,原味
292,阿一波,紫菜,海苔零食,5,1000,239,25.0,2.5,50.0,0,3000,干制
293,良品铺子,海苔脆,海苔零食,20,1750,418,8.0,24.0,55.0,5.0,1200,
294,光阴岛,海苔饼干,饼干,60,1900,454,6.0,20.0,68.0,10.0,800,
295,韩国,海苔,海苔零食,5,1800,430,26.0,30.0,35.0,0,3500,烤海苔
296,爽口,蜜饯九制梅,蜜饯,100,1100,263,2.5,0.5,62.0,38.0,3000,
297,盐津铺子,九制陈皮,蜜饯,100,1050,251,1.0,0.5,60.0,35.0,2000,
298,恒记,绿豆饼,糕点,100,1650,394,6.0,14.0,64.0,22.0,200,
299,冬梅,芝麻酱,调味/零食,200,2600,621,18.0,55.0,18.0,2.0,25,
300,南瓜子,内蒙奇峰,坚果/种子,100,2450,586,31.0,50.0,10.0,2.0,50,
301,波力,海苔,海苔零食,5,1800,430,26.0,30.0,35.0,0,3500,韩国进口
302,熊猫,饼干,饼干,50,1900,454,7.0,17.0,70.0,15.0,400,熊猫造型饼干
303,格力高,百醇饼干,饼干,48,2300,550,7.0,32.0,57.0,18.0,250,
304,格力高,大嘴刷刷,饼干,80,2050,490,7.0,22.0,66.0,20.0,350,
305,亿滋,奥利奥零食杯,饼干,20,2050,490,5.0,21.0,70.0,37.0,370,迷你装
306,李锦记,沙茶酱,调味/零食,210,1800,430,10.0,35.0,30.0,8.0,2000,
307,纯享,全脂希腊酸奶,酸奶,200,480,115,8.0,4.5,9.5,8.0,65,
308,卡士,法式厚乳酪,酸奶,300,500,120,5.0,5.0,13.5,11.0,80,
309,简爱,裸酸奶,酸奶,200,400,96,4.0,3.5,12.0,10.0,55,低糖
310,朴之源,无糖酸奶,酸奶,200,350,84,3.5,3.5,7.5,0,60,无糖
311,益可滋,乳酸菌牛奶,乳饮料,200,340,81,2.8,2.0,12.0,10.5,80,
312,新希望,燕麦牛奶,乳饮料,250,350,84,3.0,2.5,12.5,9.0,70,
313,蒙牛,早餐奶,乳饮料,250,310,74,3.0,2.0,11.0,8.0,100,
314,伊利,QQ星儿童牛奶,乳饮料,190,260,62,2.6,1.5,9.5,8.0,80,
315,大白兔,奶糖雪糕,冷饮,75,800,191,2.5,9.0,28.0,22.0,100,联名款
316,可爱多,绿豆味,冷饮,65,500,120,2.0,3.0,22.0,18.0,80,
317,美汁源,奶味浮冰,冷饮,80,600,143,2.0,4.5,24.0,20.0,90,
318,和路雪,千层雪,冷饮,62,1000,239,3.0,13.0,30.0,22.0,120,
319,必胜客,披萨,快餐,100,1050,251,10.0,8.0,34.0,3.0,600,参考值
320,麦当劳,薯条(大),快餐,154,1340,320,4.5,15.0,43.0,0.5,420,
321,汉堡王,薯条,快餐,116,1200,287,3.5,13.0,38.0,0.5,480,
322,德克士,薯条,快餐,120,1250,299,3.5,13.5,40.0,0.5,400,
323,炸鸡翅(KFC),劲辣鸡翅,快餐,73,1050,251,13.0,15.0,14.0,0.5,680,
324,奥尔良鸡腿堡,KFC,快餐,220,1100,263,12.0,11.0,28.0,2.0,730,
325,好丽友,蛋黄派草莓,蛋糕糕点,23,1850,442,3.5,21.0,61.0,28.0,250,草莓味
326,达利园,虎皮蛋糕卷,蛋糕糕点,45,1350,323,5.5,10.0,53.0,20.0,280,
327,盼盼,花生牛轧糖,糖果,100,1800,430,8.0,15.0,68.0,55.0,120,
328,金丝猴,奶糖,糖果,200,1680,401,4.0,8.5,76.0,68.0,100,
329,甜心,棉花糖,糖果,100,1380,330,2.0,0,78.0,65.0,50,低脂
330,卡迪那,墨西哥辣味薯片,薯片,60,2100,502,5.5,29.0,59.0,2.0,650,
331,乐事,鲜椒牛肉薯片,薯片,70,2200,526,5.5,33.0,54.0,2.5,720,
332,上好佳,牛扒味薯片,薯片,40,2050,490,5.0,25.0,63.0,2.0,600,
333,高新,辣椒土豆片,薯片,100,2000,478,4.5,23.0,64.0,2.0,700,
334,江南人家,茶香咸蛋黄薯片,薯片,55,2100,502,5.0,28.0,60.0,2.0,650,
335,薯片先生,芝士味,薯片,40,2200,526,5.5,33.0,54.5,2.0,500,
336,白菜哥,薯条,膨化食品,30,2050,490,4.5,26.0,62.0,1.5,480,
337,老式蛋黄饼,德辉,饼干,100,1900,454,8.0,18.0,68.0,10.0,450,
338,蛋白棒,迷客夏,蛋白零食,50,1550,370,25.0,12.0,35.0,15.0,200,功能零食
339,Keep,蛋白棒,蛋白零食,50,1600,382,22.0,14.0,37.0,18.0,250,运动功能
340,汤达人,日式猪骨面,方便面,104,1820,435,9.0,18.0,62.0,2.0,1750,统一旗下
341,汤达人,日式海鲜面,方便面,108,1800,430,9.0,18.0,62.0,2.0,1700,
342,日清,鸡汁面,方便面,85,1950,466,8.5,20.5,62.0,2.0,1900,桶装
343,康师傅,泡面桶番茄,方便面,105,1900,454,9.0,19.0,63.0,3.0,1850,桶装
344,劲面王,老坛酸菜,方便面,130,1920,459,9.0,20.0,62.0,2.0,2100,
345,满汉大餐,麻辣锅牛肉面,方便面,200,1880,449,10.0,18.5,62.0,2.0,2400,大碗
346,麻辣香锅,统一麻辣烫,方便面,150,1860,445,9.5,18.5,63.0,2.5,2200,
347,劲面王,海鲜面,方便面,100,1900,454,9.0,19.5,62.0,2.0,1800,
348,宫殿,冬阴功面,方便面,85,1950,466,8.0,20.0,63.0,2.0,1750,泰式
349,三宝乐,拉面,方便面,100,1920,459,9.5,19.5,62.0,2.0,2000,
350,雅玛莎,炸酱面,方便面,140,1850,442,9.0,18.0,64.0,2.0,1900,
351,良品铺子,蟹黄味薯片,薯片,75,2150,514,5.0,30.0,58.0,2.0,550,
352,良品铺子,黑胡椒牛肉薯片,薯片,75,2150,514,5.5,30.0,58.0,2.0,650,
353,良品铺子,酸奶燕麦棒,谷物零食,25,1700,406,5.5,12.0,65.0,25.0,100,
354,良品铺子,海盐苏打饼,饼干,160,1820,435,8.0,13.0,73.0,2.0,700,
355,良品铺子,夏威夷果,坚果,36,2850,681,9.5,77.0,9.0,4.0,8,
356,百草味,开口松子,坚果,100,2900,693,17.0,72.0,9.0,3.0,50,
357,百草味,草莓奥利奥夹心,饼干,250,2100,502,5.0,22.0,70.0,39.0,350,
358,三只松鼠,蛋黄酥,糕点,65,2000,478,7.0,24.0,60.0,22.0,300,网红蛋黄酥
359,三只松鼠,麻辣牛肉干,肉干零食,30,1500,358,40.0,15.0,20.0,8.0,2000,
360,三只松鼠,鱿鱼丝,海鲜零食,30,1200,287,46.0,6.0,14.0,5.0,1600,
361,百年老字号,北京烤鸭,卤味,100,1300,311,17.5,20.0,5.0,2.0,650,
362,老北京,稻香村糖葫芦糕,糕点,80,1000,239,1.5,2.0,54.0,38.0,50,
363,无穷,鸡爪,卤味,30,600,143,15.0,5.5,9.5,4.0,600,泡椒型
364,无穷,鸭脖,卤味,100,900,215,15.0,13.0,10.0,5.0,1000,
365,无穷,猪皮,卤味,30,800,191,16.0,9.0,12.0,4.0,1100,
366,蜀道香,藕片,卤味,25,250,60,1.5,1.0,12.0,3.0,700,素食卤味
367,蜀道香,海带丝,卤味,25,180,43,2.5,0.5,8.0,2.0,800,素食卤味
368,香辣鸡爪,廖记,卤味,50,700,167,15.0,8.0,10.0,5.0,700,
369,泡椒凤爪,劲仔,卤味,25,600,143,13.0,5.0,10.0,4.0,600,
370,辣椒鸡爪,广珍,卤味,45,650,155,14.0,6.0,11.0,4.0,650,
371,阿尔卑斯,硬糖综合,糖果,100,1700,406,0,0,95.0,90.0,30,水果味
372,喜之郎,果冻布丁,果冻,500,240,57,0,0,13.0,11.0,20,荔枝味
373,喜之郎,可吸果冻,果冻,25,280,67,0.5,0,15.0,13.0,20,
374,旺旺,碎冰冰果冻,果冻,50,260,62,0.5,0,14.0,12.0,20,
375,果冻布丁,美心,果冻,100,250,60,0.5,0,13.5,11.0,25,
376,徐福记,布丁,果冻,100,300,72,2.0,2.0,13.0,11.0,80,鸡蛋布丁
377,盒马,大福麻薯,糕点,35,900,215,2.0,4.0,43.0,18.0,80,日式
378,盒马,草莓大福,糕点,40,900,215,2.0,4.5,43.0,18.0,70,
379,七度空间,酒心巧克力,巧克力,100,2400,574,5.0,40.0,50.0,42.0,50,
380,金帝,酒心巧克力,巧克力,100,2350,562,5.0,38.0,52.0,44.0,60,
381,老城隍庙,五香豆,豆类零食,100,1400,335,22.0,5.0,60.0,5.0,1500,上海特产
382,沙棘,乔山果干,蜜饯,100,1350,323,2.0,0.5,77.0,68.0,30,
383,草莓干,百草味,蜜饯,100,1400,335,2.0,1.0,79.0,68.0,40,
384,菠萝干,三只松鼠,蜜饯,100,1350,323,1.5,0.5,79.0,70.0,40,
385,奇异果干,百草味,蜜饯,100,1400,335,2.0,1.0,78.0,65.0,35,
386,猫山王榴莲干,百草味,蜜饯,100,1900,454,2.0,20.0,68.0,45.0,30,
387,椰蓉,来伊份,糕点/零食,100,2000,478,4.0,18.0,73.0,58.0,80,
388,新疆核桃,原味,坚果,100,2800,669,15.0,68.0,10.0,2.0,10,
389,新疆大枣,红枣干,蜜饯/干果,100,1200,287,2.0,0.4,72.0,60.0,10,
390,黑枸杞,原味,干果,100,1100,263,13.0,0.5,65.0,42.0,100,功能性
391,泡泡糖,大大卷,糖果,100,1650,394,1.0,2.0,84.0,70.0,50,口香糖类
392,爽歪歪,乳酸菌饮品,乳饮料,100,275,66,1.0,0.5,14.0,12.0,55,儿童饮料
393,旺旺,大白兔奶糖,糖果,22,1680,401,4.0,8.0,76.0,70.0,100,限定联名
394,良品铺子,坚果燕麦棒,谷物零食,35,1700,406,6.0,12.0,64.0,22.0,120,
395,华园,虾味条,膨化食品,30,2100,502,5.0,28.0,62.0,2.0,620,
396,奇多,奶酪味,膨化食品,80,2100,502,5.5,28.0,60.0,3.0,680,
397,可口可乐,奥利奥可乐,碳酸饮料/联名,330,180,43,0,0,10.6,10.6,12,限量联名
398,海牌,海苔酥,海苔零食,20,1900,454,7.5,25.0,57.0,4.0,1100,烤海苔酥
399,卡乐比,薯条三兄弟,薯片,50,2180,521,5.5,32.5,55.0,1.5,400,日本进口
400,维他命C,橙子软糖VC软糖,糖果,100,1380,330,3.0,0,78.0,70.0,35,维C补充
